ID,中文名 (Name CN),英文名 (Name EN),数据类型 (Type),大类 (Category),子类 (Subtype),业务描述 (Description)
1,银环蛇,Bungarus multicinctus,Narrative,General,,"该诈骗家族主要高度依赖DCloud公司的UniApp多端开发框架。 其主要业务逻辑通过JavaScript开发，不仅开发成本低，还能够有效避开传统检测工具的侦测。 启动后，这些应用程序直接加载由Uni框架开发的页面，并连接至指定服务器。 其应用包名统一采用""uni.UNI""加""UNI_APP_ID""的命名形式。"
2,树蚺,BOOMSLANG,Narrative,General,,"该诈骗家族主要以开源的Telegram Android源代码作为其欺诈行为的核心功能模板。该应用可能包括但不限于刷单、色情内容传播、投资诈骗等功能。 该家族通常的做法是从阿里云oss地址中解密目标IP地址和端口，然后利用阿里游戏盾持续获取目标IP的代理IP，以实现动态通讯通道，绕过封堵。 这些应用的包名通常以""im""开头，以""messenger""结尾，中间包含一串随机字符。"
3,美杜莎,Medusa,Narrative,General,,该家族集成了网易的IM服务产品云信SDK。 通过查询云信SDK中内置的DoH服务器，获得不断变化的域名。以此实现封堵逃逸。 该家族集成了微信开放平台SDK，支持微信登录，并实现与封装后的云信IM进行信息交换。
4,树蟒,Morelia,Narrative,General,,该家族的应用程序相似度非常高，均使用腾讯的壳来对抗静态检测，同时采用字符串混淆来隐藏一些关键信息。 这些应用程序都集成了首信易支付公司的支付SDK PayEase。 一般伪装成投资项目之类的应用。 启动后，访问硬编码的亚马逊oss静态文件地址，读取其中配置的IP地址，连接至远程服务器。
5,眼镜蛇,NAJA,Narrative,General,,"该家族的APK安装包非常小，通常约为3.7MB左右。 这些应用程序实现非常简单，集成了著名的文件下载器com.liulishuo.filedownloader。 应用程序的运行方式是启动后，用Android系统内置的WebView加载一个远程网址。 包名统一采用""com.xoox.appi""加11位16进制随机数。"
6,蓝环章鱼,Blue-Ringed Octopus,Narrative,General,,该家族的APK安装包约为30MB左右，通常采用腾讯的壳来对抗静态检测。 这些应用程序硬编码了阿里云和腾讯云的OSS文件地址。 应用程序启动后，通过访问OSS文件地址，解密文件内容，获取远程服务器地址。 包名由三组随机字符组成，每组包含6个随机字符，例如：feaedf.afeihg.ibbafh。
7,箱水母,Chironex fleckeri,Narrative,General,,该家族的APK安装包相对较小，约为7MB左右。 实现非常简单，应用启动后，通过Android系统内置的WebView加载一个网络聊天室。 聊天室的网址硬编码在代码中，静态检测可发现。 包名统一采用com.android.ruiying加上一个11位的伪随机数，例如：com.android.ruiying_02270457451。0227疑似代表日期。
8,赤背蛛,Latrodectus hasselti,Narrative,General,,该家族APK安装包非常小，通常约为1.6MB左右。 实现非常简单，只包含一个Android系统组件Activity，启动后通过Android内置WebView加载一个网页。 网页地址硬编码在资源文件assets下的配置文件中。 包名规则明显，统一采用com.example开头，后面跟两个相同的四位随机字符字符串。
9,布谷鸟,Cuckoo,Narrative,General,,该诈骗APP家族主要基于Farsunset的商业通讯解决方案“布咕”的旧版Demo进行修改。其功能与微信相似。 诈骗样本的代码与官网Demo高度相似，开发者仅进行简单的修改，如替换后台服务器地址和部分UI资源。这种高度相似性使得用户难以分辨其真实身份，进而上当受骗。
10,树蚺Plus,BOOMSLANG,Narrative,General,,连接地址硬编码的远程服务器，获取配置文件，解析配置 根据国家获取不同的IP和端口配置，进行目标地址访问。
11,漏斗网蜘蛛,Funnel-web spider,Narrative,General,,该家族内部实现了简单的IM客户端，主要通过淫秽对话实施诈骗。 启动时，首先连接多个官方DoH服务器，以确保网络畅通。随后连接自建的DoH服务器，获取真正的通讯服务器。 该应用对大部分网络通讯相关内容（如URL等）进行加密或编码处理，以应对静态检测。
12,跳跳虎,Spring Tiger,Narrative,General,,该家族除了采用360的壳以外，对所有字符串采用加密编码，对抗静态扫描。 APK包很小，通过启动后加载一个在线网址呈现内容 APK的主要功能是广告、推广、下载APP，没有即时通讯功能
13,字符青蛙,Code Frog,Narrative,General,,采用了非常复杂的字符串混淆技术来对抗静态扫描 代码中内置了后台服务器地址，启动后连接后台服务器地址，获取用户列表，用户主页内容等 应用的主要内容色情为主题的社交
14,彩虹幽灵,Spectral Rainbow,Narrative,General,,内置了开源的IM系统 内置了几个备用的IP地址作为IM后台，启动后设置IP地址给IM，开启IM通讯
15,白眼企鹅,Ghost Penguin,Narrative,General,,内部采用了腾讯系的诸多商用IM以及周边服务来完成 主要通过com.tencent.qcloud.tuikit实现IM
16,果蝇,Data Fly,Narrative,General,,自己开发或者购买了未公开的IM系统，该IM系统采用mqtt协议 代码高度混淆
17,亿博,MegaSpread,Narrative,General,,该家族没有IM功能，实现了一个赌博的客户端 APP上可以下注、绑定银行卡，支付宝，使用加密货币等操作
18,云蚁,Cloud Swarm,Narrative,General,,IM功能分成两部分，服务端采用了网易云信的IM服务，客户端自己开发了UI
19,白眼企鹅,Ghost Penguin,Narrative,General,,内部采用了腾讯系的诸多商用IM以及周边服务来完成 主要通过com.tencent.imsdk实现IM
20,曼陀罗,Lotus Trap,Narrative,General,,内部自己实现了一套功能完整的付费聊天程序 APP内的主要功能免费聊天，语音通话，live、限时聊天，评论、赠送礼物等，是典型的色情服务应用。 可以网页调起js://alipay等进行支付。
21,信鸦,Cipher Crow,Narrative,General,,自己开发或者购买了未公开的IM系统 启动后，如果没有配置动态服务器地址获取地址，则采用默认的服务器地址 如果配置了并且有网络，则从远程配置服务器获取地址。
22,皮影戏,Shadow Play,Narrative,General,,该APP主要内置了一些列的色情视屏资源，可以在线观看色情视频
23,变色龙,ColorShift,Narrative,General,,APK很小，6M左右，应用的主要行为是启动打开网站 是在线打包平台一键打包出品 通过打包不同的网址实现批量生产众多类型的APP
24,幻影,PhantomWallet,Narrative,General,,使用DCloud平台实现的证券交易所应用。 功能完善，包括内置客服链接。 借助DCloud的便利的快速构建功能完善的金融类应用。
25,寄居蟹,HermitCrab,Narrative,General,,一个基于APP模版的应用，统一家族APP只有C2不同。 无需联网，通过修改固定位置的 http://ip:port 制造不同的APK。 旨在方便的生成多个变种APP，以逃逸封堵机制。
26,苦杏,BitterApricot,Narrative,General,,内置封装了国内一款专注语音和视频聊天的APP 灵活配置C2地址
27,双簧戏,Two-Person Act,Narrative,General,,技术上采用Flutter技术框架，对抗检测和分析。 行为上获取辅助功能权限，引导用户进行人脸识别和输入密码，最终诈骗用户。
28,数据窃取器-全量数据窃取-001,STEAL-FULL-001,Structured,数据窃取器,全量数据窃取,"类别: 数据窃取器, 子类型: 全量数据窃取。行为标签: B:STEAL.FULL, B:STEAL.CONTACT, B:STEAL.MEDIA, B:STEAL.SMS, B:LOADER.DCLOUD, B:EVA.ICON, B:INST.SILENT"
29,电话诈骗工具-NFC模拟-001,TELE-NFC-001,Structured,电话诈骗工具,NFC模拟,"类别: 电话诈骗工具, 子类型: NFC模拟。行为标签: B:TELE.NFC"
30,间谍软件/监控-通话监听-001,SPY-CALL-001,Structured,间谍软件/监控,通话监听,"类别: 间谍软件/监控, 子类型: 通话监听。行为标签: B:SPY.CALL, B:NET.MQTT"
31,电话诈骗工具-多角色全套-001,TELE-FULL-001,Structured,电话诈骗工具,多角色全套,"类别: 电话诈骗工具, 子类型: 多角色全套。行为标签: B:TELE.FULL, B:RAT.C2, B:RAT.CALL, B:STEAL.SMS, B:SPY.AUDIO, B:SPY.CALL, B:PHISH.IM, B:DROP.STLTH, B:NET.WS"
32,电话诈骗工具-多角色全套-002,TELE-FULL-002,Structured,电话诈骗工具,多角色全套,"类别: 电话诈骗工具, 子类型: 多角色全套。行为标签: B:TELE.FULL, B:TELE.CARD, B:TELE.RELAY, B:RAT.CALL, B:RAT.FULL, B:NET.WS"
34,间谍软件/监控-麦克风窃听-001,SPY-AUDIO-001,Structured,间谍软件/监控,麦克风窃听,"类别: 间谍软件/监控, 子类型: 麦克风窃听。行为标签: B:SPY.AUDIO, B:PHISH.IM, B:VPN.AUDIO, B:VPN.CTRL, B:VPN.PROXY"
35,间谍软件/监控-麦克风窃听-002,SPY-AUDIO-002,Structured,间谍软件/监控,麦克风窃听,"类别: 间谍软件/监控, 子类型: 麦克风窃听。行为标签: B:SPY.AUDIO, B:VPN.PROXY"
36,电话诈骗工具-插卡端-001,TELE-CARD-001,Structured,电话诈骗工具,插卡端,"类别: 电话诈骗工具, 子类型: 插卡端。行为标签: B:TELE.CARD, B:TELE.VOICE, B:STEAL.FULL, B:STEAL.MEDIA, B:NET.WS"
37,电话诈骗工具-插卡端-002,TELE-CARD-002,Structured,电话诈骗工具,插卡端,"类别: 电话诈骗工具, 子类型: 插卡端。行为标签: B:TELE.CARD, B:TELE.VOICE, B:RAT.FULL, B:STEAL.MEDIA, B:SPY.AUDIO, B:SPY.CALL, B:PHISH.IM, B:EVA.ICON, B:NET.WS"
38,电话诈骗工具-多角色全套-003,TELE-FULL-003,Structured,电话诈骗工具,多角色全套,"类别: 电话诈骗工具, 子类型: 多角色全套。行为标签: B:TELE.FULL, B:TELE.CARD, B:TELE.RELAY, B:TELE.VOICE, B:RAT.CALL, B:STEAL.SMS, B:EVA.ICON, B:NET.WS"
39,电话诈骗工具-插卡端-003,TELE-CARD-003,Structured,电话诈骗工具,插卡端,"类别: 电话诈骗工具, 子类型: 插卡端。行为标签: B:TELE.CARD, B:RAT.CALL, B:STEAL.SMS, B:SPY.AUDIO, B:SPY.CALL, B:EVA.ICON"
40,电话诈骗工具-多角色全套-004,TELE-FULL-004,Structured,电话诈骗工具,多角色全套,"类别: 电话诈骗工具, 子类型: 多角色全套。行为标签: B:TELE.FULL, B:TELE.CARD, B:RAT.CALL, B:SPY.CALL, B:EVA.ICON, B:NET.WS"
41,VPN流量劫持-流量选择控制-001,VPN-CTRL-001,Structured,VPN流量劫持,流量选择控制,"类别: VPN流量劫持, 子类型: 流量选择控制。行为标签: B:VPN.CTRL, B:VPN.PROXY"
42,远程控制木马-通话劫持-001,RAT-CALL-001,Structured,远程控制木马,通话劫持,"类别: 远程控制木马, 子类型: 通话劫持。行为标签: B:RAT.CALL, B:STEAL.CONTACT, B:STEAL.SMS, B:VPN.PROXY"
43,电话诈骗工具-插卡端-004,TELE-CARD-004,Structured,电话诈骗工具,插卡端,"类别: 电话诈骗工具, 子类型: 插卡端。行为标签: B:TELE.CARD, B:RAT.FULL, B:STEAL.SMS, B:PHISH.IM"
44,远程控制木马-WebView桥接-001,RAT-WEB-001,Structured,远程控制木马,WebView桥接,"类别: 远程控制木马, 子类型: WebView桥接。行为标签: B:RAT.WEB, B:PHISH.WEB, B:DROP.DYN, B:LOADER.WEB"
45,数据窃取器-短信窃取-001,STEAL-SMS-001,Structured,数据窃取器,短信窃取,"类别: 数据窃取器, 子类型: 短信窃取。行为标签: B:STEAL.SMS, B:SPY.AUDIO, B:SPY.CAM, B:PHISH.OVER, B:PHISH.WEB, B:DROP.DYN, B:LOADER.DCLOUD, B:LOADER.WEB, B:EVA.ICON, B:INST.SILENT"
46,间谍软件/监控-位置追踪-001,SPY-LOC-001,Structured,间谍软件/监控,位置追踪,"类别: 间谍软件/监控, 子类型: 位置追踪。行为标签: B:SPY.LOC, B:LOADER.DCLOUD, B:EVA.OBFS"
47,远程控制木马-通话劫持-002,RAT-CALL-002,Structured,远程控制木马,通话劫持,"类别: 远程控制木马, 子类型: 通话劫持。行为标签: B:RAT.CALL, B:RAT.PUSH, B:STEAL.CONTACT, B:STEAL.MEDIA, B:SPY.AUDIO, B:PHISH.IM, B:EVA.ICON, B:NET.MULTI_PUSH"
48,VPN流量劫持-流量代理劫持-001,VPN-PROXY-001,Structured,VPN流量劫持,流量代理劫持,"类别: VPN流量劫持, 子类型: 流量代理劫持。行为标签: B:VPN.PROXY"
49,远程控制木马-通话劫持-003,RAT-CALL-003,Structured,远程控制木马,通话劫持,"类别: 远程控制木马, 子类型: 通话劫持。行为标签: B:RAT.CALL, B:RAT.PUSH, B:SPY.AUDIO, B:SPY.CAM, B:PHISH.IM, B:PHISH.SOC, B:ADWARE.MULTI, B:ADWARE.PUSH"
50,远程控制木马-推送指令-001,RAT-PUSH-001,Structured,远程控制木马,推送指令,"类别: 远程控制木马, 子类型: 推送指令。行为标签: B:RAT.PUSH, B:STEAL.MEDIA, B:PHISH.WEB, B:LOADER.SDK, B:LOADER.WEB, B:NET.MULTI_PUSH"
51,远程控制木马-Firebase控制-001,RAT-FIRE-001,Structured,远程控制木马,Firebase控制,"类别: 远程控制木马, 子类型: Firebase控制。行为标签: B:RAT.FIRE, B:RAT.C2, B:SPY.AUDIO, B:SPY.CAM, B:PHISH.IM, B:PER.FG, B:NET.FIREBASE"
52,远程控制木马-WebView桥接-002,RAT-WEB-002,Structured,远程控制木马,WebView桥接,"类别: 远程控制木马, 子类型: WebView桥接。行为标签: B:RAT.WEB, B:PHISH.WEB, B:LOADER.SDK, B:LOADER.WEB"
53,数据窃取器-媒体文件窃取-001,STEAL-MEDIA-001,Structured,数据窃取器,媒体文件窃取,"类别: 数据窃取器, 子类型: 媒体文件窃取。行为标签: B:STEAL.MEDIA, B:SPY.AUDIO, B:SPY.CAM, B:PHISH.WEB, B:DROP.DYN, B:LOADER.SDK, B:LOADER.WEB"
54,金融诈骗-加密货币诈骗-001,FINANCE-CRYPTO-001,Structured,金融诈骗,加密货币诈骗,"类别: 金融诈骗, 子类型: 加密货币诈骗。行为标签: B:FINANCE.CRYPTO, B:FINANCE.WEB, B:SPY.CAM, B:PHISH.WEB, B:VPN.CTRL, B:LOADER.SDK, B:LOADER.WEB, B:NET.CLEAR, B:EVA.OBFS"
55,数据窃取器-媒体文件窃取-002,STEAL-MEDIA-002,Structured,数据窃取器,媒体文件窃取,"类别: 数据窃取器, 子类型: 媒体文件窃取。行为标签: B:STEAL.MEDIA, B:SPY.AUDIO, B:SPY.SCREEN"
56,网络钓鱼/社会工程-网页钓鱼-001,PHISH-WEB-001,Structured,网络钓鱼/社会工程,网页钓鱼,"类别: 网络钓鱼/社会工程, 子类型: 网页钓鱼。行为标签: B:PHISH.WEB, B:NET.DYNAMIC, B:INST.HOTFIX, B:INST.SILENT"
57,间谍软件/监控-麦克风窃听-003,SPY-AUDIO-003,Structured,间谍软件/监控,麦克风窃听,"类别: 间谍软件/监控, 子类型: 麦克风窃听。行为标签: B:SPY.AUDIO, B:SPY.CAM, B:SPY.LOC, B:EVA.ICON, B:NET.MULTI_PUSH"
58,鸿信通,Hongxintong,Narrative,General,,伪装为即时通讯应用，集成小米、华为、魅族推送服务，以接收和处理消息。 通过第三方API（高德地图、OpenInstall、友盟等）集成额外功能，扩大用户行为跟踪和数据收集范围。 具备手机状态监听（电话呼叫、状态变更）、通话记录读写权限，可能实现通话拦截和通话记录窃取。 利用前台服务和自启动机制，保证应用持续运行和后台活动，增强驻留性。 实现多种本地数据访问权限，包括读取/写入外部存储，进一步窃取隐私数据。
59,远程控制木马-推送指令-002,RAT-PUSH-002,Structured,远程控制木马,推送指令,"类别: 远程控制木马, 子类型: 推送指令。行为标签: B:RAT.PUSH, B:STEAL.FULL, B:FINANCE.PAY, B:PHISH.IM, B:PHISH.OVER, B:NET.MULTI_PUSH, B:EVA.OBFS"
60,云端潜行者,Cloud Stealth,Narrative,General,,该应用伪装成正常的移动服务，实际行为与远程服务和资产管理强关联。 通过加载远程URL，进行动态行为配置或展现攻击面。 具备访问相册、文件、录像和电话状态等敏感权限。 核心功能封装在DCloud组件中，具有较高的隐蔽性。
61,间谍软件/监控-屏幕录制-001,SPY-SCREEN-001,Structured,间谍软件/监控,屏幕录制,"类别: 间谍软件/监控, 子类型: 屏幕录制。行为标签: B:SPY.SCREEN, B:SPY.AUDIO, B:SPY.CALL"
63,远程控制木马-WebView桥接-003,RAT-WEB-003,Structured,远程控制木马,WebView桥接,"类别: 远程控制木马, 子类型: WebView桥接。行为标签: B:RAT.WEB, B:PHISH.SOC, B:PHISH.WEB, B:LOADER.WEB, B:NET.CLEAR"
64,数据窃取器-媒体文件窃取-003,STEAL-MEDIA-003,Structured,数据窃取器,媒体文件窃取,"类别: 数据窃取器, 子类型: 媒体文件窃取。行为标签: B:STEAL.MEDIA, B:SPY.CAM, B:PHISH.WEB, B:DROP.DYN, B:LOADER.WEB, B:NET.CLEAR"
65,间谍软件/监控-麦克风窃听-004,SPY-AUDIO-004,Structured,间谍软件/监控,麦克风窃听,"类别: 间谍软件/监控, 子类型: 麦克风窃听。行为标签: B:SPY.AUDIO, B:SPY.CAM, B:PHISH.WEB, B:DROP.DYN, B:LOADER.WEB, B:NET.CLEAR, B:EVA.ICON"
66,网络钓鱼/社会工程-网页钓鱼-002,PHISH-WEB-002,Structured,网络钓鱼/社会工程,网页钓鱼,"类别: 网络钓鱼/社会工程, 子类型: 网页钓鱼。行为标签: B:PHISH.WEB, B:LOADER.WEB, B:NET.CLEAR"
67,间谍软件/监控-设备指纹采集-001,SPY-DEV-001,Structured,间谍软件/监控,设备指纹采集,"类别: 间谍软件/监控, 子类型: 设备指纹采集。行为标签: B:SPY.DEV, B:VPN.PROXY, B:NET.CLEAR"
68,远程控制木马-推送指令-003,RAT-PUSH-003,Structured,远程控制木马,推送指令,"类别: 远程控制木马, 子类型: 推送指令。行为标签: B:RAT.PUSH, B:STEAL.FULL, B:FINANCE.PAY, B:GAMBLE.CASINO, B:PHISH.GAME, B:DROP.DYN, B:NET.MULTI_PUSH"
70,数据窃取器-联系人窃取-001,STEAL-CONTACT-001,Structured,数据窃取器,联系人窃取,"类别: 数据窃取器, 子类型: 联系人窃取。行为标签: B:STEAL.CONTACT, B:SPY.AUDIO, B:SPY.CAM, B:PHISH.WEB, B:ADWARE.MULTI, B:ADWARE.PUSH, B:LOADER.DCLOUD"
71,网络钓鱼/社会工程-网页钓鱼-003,PHISH-WEB-003,Structured,网络钓鱼/社会工程,网页钓鱼,"类别: 网络钓鱼/社会工程, 子类型: 网页钓鱼。行为标签: B:PHISH.WEB, B:DROP.DYN, B:DROP.STLTH, B:EVA.PACK"
74,数据窃取器-全量数据窃取-002,STEAL-FULL-002,Structured,数据窃取器,全量数据窃取,"类别: 数据窃取器, 子类型: 全量数据窃取。行为标签: B:STEAL.FULL, B:PHISH.WEB, B:PER.BOOT, B:PER.FG, B:NET.MULTI_PUSH"
75,网络钓鱼/社会工程-界面覆盖攻击-001,PHISH-OVER-001,Structured,网络钓鱼/社会工程,界面覆盖攻击,"类别: 网络钓鱼/社会工程, 子类型: 界面覆盖攻击。行为标签: B:PHISH.OVER, B:NET.CLEAR"
77,色情内容诈骗-成人游戏诈骗-001,ADULT-GAME-001,Structured,色情内容诈骗,成人游戏诈骗,"类别: 色情内容诈骗, 子类型: 成人游戏诈骗。行为标签: B:ADULT.GAME, B:ADULT.PORN, B:EVA.OBFS"
80,网络钓鱼/社会工程-网页钓鱼-004,PHISH-WEB-004,Structured,网络钓鱼/社会工程,网页钓鱼,"类别: 网络钓鱼/社会工程, 子类型: 网页钓鱼。行为标签: B:PHISH.WEB"
79,间谍软件/监控-生物识别监控-001,SPY-BIO-001,Structured,间谍软件/监控,生物识别监控,"类别: 间谍软件/监控, 子类型: 生物识别监控。行为标签: B:SPY.BIO, B:SPY.CAM, B:PHISH.WEB, B:LOADER.WEB, B:NET.MULTI_PUSH"
81,数据窃取器-全量数据窃取-003,STEAL-FULL-003,Structured,数据窃取器,全量数据窃取,"类别: 数据窃取器, 子类型: 全量数据窃取。行为标签: B:STEAL.FULL, B:SPY.LOC, B:PER.BOOT"
84,间谍软件/监控-设备指纹采集-002,SPY-DEV-002,Structured,间谍软件/监控,设备指纹采集,"类别: 间谍软件/监控, 子类型: 设备指纹采集。行为标签: B:SPY.DEV, B:VPN.PROXY"
87,网络钓鱼/社会工程-网页钓鱼-005,PHISH-WEB-005,Structured,网络钓鱼/社会工程,网页钓鱼,"类别: 网络钓鱼/社会工程, 子类型: 网页钓鱼。行为标签: B:PHISH.WEB, B:LOADER.WEB"
90,远程控制木马-WebView桥接-004,RAT-WEB-004,Structured,远程控制木马,WebView桥接,"类别: 远程控制木马, 子类型: WebView桥接。行为标签: B:RAT.WEB, B:PHISH.WEB, B:LOADER.WEB"
91,释放器/安装器-隐蔽释放-001,DROP-STLTH-001,Structured,释放器/安装器,隐蔽释放,"类别: 释放器/安装器, 子类型: 隐蔽释放。行为标签: B:DROP.STLTH, B:EVA.OBFS"
92,远程控制木马-通话劫持-004,RAT-CALL-004,Structured,远程控制木马,通话劫持,"类别: 远程控制木马, 子类型: 通话劫持。行为标签: B:RAT.CALL, B:STEAL.CONTACT, B:STEAL.MEDIA, B:STEAL.SMS, B:SPY.LOC, B:PER.KEEPALIVE"
93,远程控制木马-推送指令-004,RAT-PUSH-004,Structured,远程控制木马,推送指令,"类别: 远程控制木马, 子类型: 推送指令。行为标签: B:RAT.PUSH, B:NET.MULTI_PUSH"
94,远程控制木马-推送指令-005,RAT-PUSH-005,Structured,远程控制木马,推送指令,"类别: 远程控制木马, 子类型: 推送指令。行为标签: B:RAT.PUSH, B:SPY.DEV, B:PHISH.SOC"
95,待定/其他-低风险-001,MISC-LOW-001,Structured,待定/其他,低风险,"类别: 待定/其他, 子类型: 低风险。行为标签: B:MISC.LOW, B:NET.MULTI_PUSH"
96,数据窃取器-短信窃取-002,STEAL-SMS-002,Structured,数据窃取器,短信窃取,"类别: 数据窃取器, 子类型: 短信窃取。行为标签: B:STEAL.SMS, B:STEAL.CONTACT"
97,远程控制木马-推送指令-006,RAT-PUSH-006,Structured,远程控制木马,推送指令,"类别: 远程控制木马, 子类型: 推送指令。行为标签: B:RAT.PUSH, B:SPY.AUDIO, B:SPY.CAM, B:NET.MULTI_PUSH"
98,远程控制木马-通话劫持-005,RAT-CALL-005,Structured,远程控制木马,通话劫持,"类别: 远程控制木马, 子类型: 通话劫持。行为标签: B:RAT.CALL, B:SPY.AUDIO, B:SPY.CALL, B:SPY.SCREEN, B:PER.FG"
99,金融诈骗-虚假支付平台-001,FINANCE-PAY-001,Structured,金融诈骗,虚假支付平台,"类别: 金融诈骗, 子类型: 虚假支付平台。行为标签: B:FINANCE.PAY, B:SPY.DEV, B:PHISH.GAME, B:EVA.ANTI_VM"
100,远程控制木马-推送指令-007,RAT-PUSH-007,Structured,远程控制木马,推送指令,"类别: 远程控制木马, 子类型: 推送指令。行为标签: B:RAT.PUSH, B:STEAL.CONTACT, B:STEAL.SMS, B:PHISH.WEB, B:LOADER.WEB"
101,数据窃取器-全量数据窃取-004,STEAL-FULL-004,Structured,数据窃取器,全量数据窃取,"类别: 数据窃取器, 子类型: 全量数据窃取。行为标签: B:STEAL.FULL, B:DROP.DYN, B:EVA.OBFS"
103,远程控制木马-WebView桥接-005,RAT-WEB-005,Structured,远程控制木马,WebView桥接,"类别: 远程控制木马, 子类型: WebView桥接。行为标签: B:RAT.WEB, B:RAT.C2, B:RAT.PUSH, B:FINANCE.PAY, B:GAMBLE.CASINO, B:PHISH.WEB"
104,远程控制木马-通话劫持-006,RAT-CALL-006,Structured,远程控制木马,通话劫持,"类别: 远程控制木马, 子类型: 通话劫持。行为标签: B:RAT.CALL, B:RAT.PUSH, B:SPY.AUDIO, B:SPY.CAM, B:SPY.LOC, B:PHISH.WEB, B:LOADER.WEB, B:NET.MULTI_PUSH"
106,间谍软件/监控-麦克风窃听-005,SPY-AUDIO-005,Structured,间谍软件/监控,麦克风窃听,"类别: 间谍软件/监控, 子类型: 麦克风窃听。行为标签: B:SPY.AUDIO, B:LOADER.CORD, B:NET.CLEAR"
109,远程控制木马-推送指令-008,RAT-PUSH-008,Structured,远程控制木马,推送指令,"类别: 远程控制木马, 子类型: 推送指令。行为标签: B:RAT.PUSH, B:SPY.AUDIO, B:SPY.CAM, B:SPY.LOC, B:PHISH.WEB, B:LOADER.WEB"
110,远程控制木马-C2指令控制-001,RAT-C2-001,Structured,远程控制木马,C2指令控制,"类别: 远程控制木马, 子类型: C2指令控制。行为标签: B:RAT.C2, B:SPY.CAM"
112,待定/其他-疑似恶意-001,MISC-SUSPECT-001,Structured,待定/其他,疑似恶意,"类别: 待定/其他, 子类型: 疑似恶意。行为标签: B:MISC.SUSPECT, B:EVA.ICON"
114,远程控制木马-C2指令控制-002,RAT-C2-002,Structured,远程控制木马,C2指令控制,"类别: 远程控制木马, 子类型: C2指令控制。行为标签: B:RAT.C2, B:PHISH.WEB, B:LOADER.WEB"
115,数据窃取器-全量数据窃取-005,STEAL-FULL-005,Structured,数据窃取器,全量数据窃取,"类别: 数据窃取器, 子类型: 全量数据窃取。行为标签: B:STEAL.FULL, B:SPY.AUDIO, B:SPY.CAM, B:PHISH.IM"
116,远程控制木马-无障碍控制-001,RAT-ACCESS-001,Structured,远程控制木马,无障碍控制,"类别: 远程控制木马, 子类型: 无障碍控制。行为标签: B:RAT.ACCESS, B:RAT.C2, B:FINANCE.PAY, B:PHISH.WEB, B:DROP.DYN, B:NET.DYNAMIC, B:EVA.OBFS"
117,间谍软件/监控-摄像头监控-001,SPY-CAM-001,Structured,间谍软件/监控,摄像头监控,"类别: 间谍软件/监控, 子类型: 摄像头监控。行为标签: B:SPY.CAM, B:PHISH.WEB"
118,网络钓鱼/社会工程-网页钓鱼-006,PHISH-WEB-006,Structured,网络钓鱼/社会工程,网页钓鱼,"类别: 网络钓鱼/社会工程, 子类型: 网页钓鱼。行为标签: B:PHISH.WEB, B:DROP.DYN, B:LOADER.WEB"
120,待定/其他-低风险-002,MISC-LOW-002,Structured,待定/其他,低风险,"类别: 待定/其他, 子类型: 低风险。行为标签: B:MISC.LOW"
121,远程控制木马-WebView桥接-006,RAT-WEB-006,Structured,远程控制木马,WebView桥接,"类别: 远程控制木马, 子类型: WebView桥接。行为标签: B:RAT.WEB, B:STEAL.SMS, B:SPY.AUDIO, B:SPY.CAM, B:SPY.LOC, B:PHISH.IM, B:NET.MULTI_PUSH"
123,数据窃取器-短信窃取-003,STEAL-SMS-003,Structured,数据窃取器,短信窃取,"类别: 数据窃取器, 子类型: 短信窃取。行为标签: B:STEAL.SMS, B:STEAL.CONTACT, B:DROP.DYN, B:LOADER.DCLOUD"
124,远程控制木马-C2指令控制-003,RAT-C2-003,Structured,远程控制木马,C2指令控制,"类别: 远程控制木马, 子类型: C2指令控制。行为标签: B:RAT.C2, B:STEAL.CONTACT"
125,金融诈骗-虚假支付平台-002,FINANCE-PAY-002,Structured,金融诈骗,虚假支付平台,"类别: 金融诈骗, 子类型: 虚假支付平台。行为标签: B:FINANCE.PAY, B:SPY.AUDIO, B:SPY.LOC, B:PHISH.SOC"
127,远程控制木马-推送指令-009,RAT-PUSH-009,Structured,远程控制木马,推送指令,"类别: 远程控制木马, 子类型: 推送指令。行为标签: B:RAT.PUSH, B:ADWARE.MULTI, B:ADWARE.PUSH, B:NET.MULTI_PUSH"
128,远程控制木马-C2指令控制-004,RAT-C2-004,Structured,远程控制木马,C2指令控制,"类别: 远程控制木马, 子类型: C2指令控制。行为标签: B:RAT.C2, B:RAT.PUSH, B:STEAL.FULL, B:SPY.AUDIO, B:SPY.SCREEN, B:NET.MULTI_PUSH"
129,数据窃取器-全量数据窃取-006,STEAL-FULL-006,Structured,数据窃取器,全量数据窃取,"类别: 数据窃取器, 子类型: 全量数据窃取。行为标签: B:STEAL.FULL, B:STEAL.CONTACT, B:SPY.AUDIO, B:SPY.CAM, B:SPY.DEV, B:PHISH.WEB, B:LOADER.WEB, B:NET.MULTI_PUSH, B:INST.SILENT"
130,远程控制木马-WebView桥接-007,RAT-WEB-007,Structured,远程控制木马,WebView桥接,"类别: 远程控制木马, 子类型: WebView桥接。行为标签: B:RAT.WEB, B:FINANCE.PAY, B:FINANCE.WEB, B:SPY.CAM, B:PHISH.WEB, B:DROP.DYN, B:LOADER.WEB"
131,数据窃取器-短信窃取-004,STEAL-SMS-004,Structured,数据窃取器,短信窃取,"类别: 数据窃取器, 子类型: 短信窃取。行为标签: B:STEAL.SMS, B:STEAL.CONTACT, B:STEAL.MEDIA, B:SPY.LOC"
132,远程控制木马-WebView桥接-008,RAT-WEB-008,Structured,远程控制木马,WebView桥接,"类别: 远程控制木马, 子类型: WebView桥接。行为标签: B:RAT.WEB, B:PHISH.OVER, B:PHISH.WEB, B:LOADER.CORD, B:LOADER.WEB"
134,远程控制木马-C2指令控制-005,RAT-C2-005,Structured,远程控制木马,C2指令控制,"类别: 远程控制木马, 子类型: C2指令控制。行为标签: B:RAT.C2, B:NET.DYNAMIC"
135,远程控制木马-C2指令控制-006,RAT-C2-006,Structured,远程控制木马,C2指令控制,"类别: 远程控制木马, 子类型: C2指令控制。行为标签: B:RAT.C2"
138,远程控制木马-C2指令控制-007,RAT-C2-007,Structured,远程控制木马,C2指令控制,"类别: 远程控制木马, 子类型: C2指令控制。行为标签: B:RAT.C2, B:RAT.PUSH, B:STEAL.MEDIA, B:SPY.AUDIO, B:SPY.CAM, B:SPY.LOC, B:SPY.SCREEN, B:PER.BOOT, B:NET.MULTI_PUSH"
141,网络钓鱼/社会工程-网页钓鱼-007,PHISH-WEB-007,Structured,网络钓鱼/社会工程,网页钓鱼,"类别: 网络钓鱼/社会工程, 子类型: 网页钓鱼。行为标签: B:PHISH.WEB, B:LOADER.WEB, B:NET.CLEAR"
142,远程控制木马-通话劫持-007,RAT-CALL-007,Structured,远程控制木马,通话劫持,"类别: 远程控制木马, 子类型: 通话劫持。行为标签: B:RAT.CALL, B:RAT.C2, B:RAT.PUSH, B:STEAL.MEDIA, B:SPY.SCREEN, B:PER.BOOT"
144,远程控制木马-C2指令控制-008,RAT-C2-008,Structured,远程控制木马,C2指令控制,"类别: 远程控制木马, 子类型: C2指令控制。行为标签: B:RAT.C2, B:RAT.PUSH, B:STEAL.MEDIA, B:SPY.AUDIO, B:SPY.CAM, B:SPY.LOC, B:SPY.SCREEN"
146,远程控制木马-C2指令控制-009,RAT-C2-009,Structured,远程控制木马,C2指令控制,"类别: 远程控制木马, 子类型: C2指令控制。行为标签: B:RAT.C2, B:RAT.PUSH, B:SPY.LOC, B:NET.MULTI_PUSH"
148,释放器/安装器-插件化释放-001,DROP-PLUG-001,Structured,释放器/安装器,插件化释放,"类别: 释放器/安装器, 子类型: 插件化释放。行为标签: B:DROP.PLUG, B:DROP.DYN, B:PER.BATT, B:PER.BOOT, B:EVA.OBFS, B:INST.PLUGIN"
149,远程控制木马-C2指令控制-010,RAT-C2-010,Structured,远程控制木马,C2指令控制,"类别: 远程控制木马, 子类型: C2指令控制。行为标签: B:RAT.C2, B:SPY.AUDIO, B:VPN.CTRL, B:DROP.DYN, B:LOADER.CORD, B:NET.CLEAR, B:NET.DYNAMIC"
150,间谍软件/监控-屏幕录制-002,SPY-SCREEN-002,Structured,间谍软件/监控,屏幕录制,"类别: 间谍软件/监控, 子类型: 屏幕录制。行为标签: B:SPY.SCREEN, B:PHISH.IM, B:NET.MULTI_PUSH"
151,远程控制木马-推送指令-010,RAT-PUSH-010,Structured,远程控制木马,推送指令,"类别: 远程控制木马, 子类型: 推送指令。行为标签: B:RAT.PUSH, B:SPY.AUDIO, B:SPY.LOC, B:PHISH.OVER, B:ADWARE.PAY, B:ADWARE.PUSH"
152,数据窃取器-全量数据窃取-007,STEAL-FULL-007,Structured,数据窃取器,全量数据窃取,"类别: 数据窃取器, 子类型: 全量数据窃取。行为标签: B:STEAL.FULL, B:STEAL.CONTACT, B:SPY.AUDIO, B:SPY.CAM, B:PHISH.WEB, B:LOADER.WEB"
154,远程控制木马-C2指令控制-011,RAT-C2-011,Structured,远程控制木马,C2指令控制,"类别: 远程控制木马, 子类型: C2指令控制。行为标签: B:RAT.C2, B:PHISH.WEB, B:LOADER.CORD, B:LOADER.WEB, B:NET.DYNAMIC"
155,释放器/安装器-设备管理员防卸载-001,DROP-ADMIN-001,Structured,释放器/安装器,设备管理员防卸载,"类别: 释放器/安装器, 子类型: 设备管理员防卸载。行为标签: B:DROP.ADMIN, B:EVA.DAMIN"
156,金融诈骗-虚假支付平台-003,FINANCE-PAY-003,Structured,金融诈骗,虚假支付平台,"类别: 金融诈骗, 子类型: 虚假支付平台。行为标签: B:FINANCE.PAY, B:PHISH.WEB, B:LOADER.WEB, B:NET.MULTI_PUSH"
157,数据窃取器-媒体文件窃取-004,STEAL-MEDIA-004,Structured,数据窃取器,媒体文件窃取,"类别: 数据窃取器, 子类型: 媒体文件窃取。行为标签: B:STEAL.MEDIA, B:SPY.AUDIO, B:SPY.CAM, B:SPY.LOC, B:SPY.SCREEN, B:PER.BOOT"
158,远程控制木马-WebView桥接-009,RAT-WEB-009,Structured,远程控制木马,WebView桥接,"类别: 远程控制木马, 子类型: WebView桥接。行为标签: B:RAT.WEB, B:STEAL.MEDIA, B:PHISH.IM, B:PHISH.WEB, B:NET.MULTI_PUSH, B:EVA.OBFS"
159,远程控制木马-WebView桥接-010,RAT-WEB-010,Structured,远程控制木马,WebView桥接,"类别: 远程控制木马, 子类型: WebView桥接。行为标签: B:RAT.WEB, B:RAT.PUSH, B:SPY.DEV, B:SPY.LOC, B:PHISH.WEB, B:DROP.DYN, B:LOADER.DCLOUD, B:LOADER.WEB"
160,数据窃取器-媒体文件窃取-005,STEAL-MEDIA-005,Structured,数据窃取器,媒体文件窃取,"类别: 数据窃取器, 子类型: 媒体文件窃取。行为标签: B:STEAL.MEDIA, B:PHISH.IM, B:NET.MULTI_PUSH"
162,间谍软件/监控-麦克风窃听-006,SPY-AUDIO-006,Structured,间谍软件/监控,麦克风窃听,"类别: 间谍软件/监控, 子类型: 麦克风窃听。行为标签: B:SPY.AUDIO, B:SPY.CAM, B:SPY.LOC, B:PHISH.IM, B:PHISH.WEB, B:LOADER.WEB, B:PER.BOOT, B:PER.FG, B:NET.MULTI_PUSH"
163,网络钓鱼/社会工程-即时通讯钓鱼-001,PHISH-IM-001,Structured,网络钓鱼/社会工程,即时通讯钓鱼,"类别: 网络钓鱼/社会工程, 子类型: 即时通讯钓鱼。行为标签: B:PHISH.IM"
164,远程控制木马-Firebase控制-002,RAT-FIRE-002,Structured,远程控制木马,Firebase控制,"类别: 远程控制木马, 子类型: Firebase控制。行为标签: B:RAT.FIRE, B:RAT.C2, B:RAT.PUSH, B:SPY.AUDIO, B:SPY.CAM, B:SPY.LOC, B:PHISH.WEB, B:LOADER.WEB, B:PER.BOOT, B:PER.FG, B:NET.FIREBASE"
167,数据窃取器-媒体文件窃取-006,STEAL-MEDIA-006,Structured,数据窃取器,媒体文件窃取,"类别: 数据窃取器, 子类型: 媒体文件窃取。行为标签: B:STEAL.MEDIA, B:FINANCE.INVEST, B:SPY.AUDIO, B:SPY.CAM"
168,金融诈骗-虚假支付平台-004,FINANCE-PAY-004,Structured,金融诈骗,虚假支付平台,"类别: 金融诈骗, 子类型: 虚假支付平台。行为标签: B:FINANCE.PAY, B:FINANCE.WEB, B:PHISH.WEB, B:LOADER.WEB, B:NET.MULTI_PUSH"
169,电话诈骗工具-NFC模拟-002,TELE-NFC-002,Structured,电话诈骗工具,NFC模拟,"类别: 电话诈骗工具, 子类型: NFC模拟。行为标签: B:TELE.NFC, B:PER.FG"
170,远程控制木马-Firebase控制-003,RAT-FIRE-003,Structured,远程控制木马,Firebase控制,"类别: 远程控制木马, 子类型: Firebase控制。行为标签: B:RAT.FIRE, B:PER.BOOT, B:PER.FG, B:NET.FIREBASE"
172,远程控制木马-C2指令控制-012,RAT-C2-012,Structured,远程控制木马,C2指令控制,"类别: 远程控制木马, 子类型: C2指令控制。行为标签: B:RAT.C2, B:RAT.PUSH, B:SPY.AUDIO, B:SPY.CAM, B:PHISH.OVER, B:PHISH.WEB, B:LOADER.WEB"
173,远程控制木马-WebView桥接-011,RAT-WEB-011,Structured,远程控制木马,WebView桥接,"类别: 远程控制木马, 子类型: WebView桥接。行为标签: B:RAT.WEB, B:RAT.PUSH, B:FINANCE.PAY, B:SPY.DEV, B:PHISH.WEB, B:LOADER.WEB, B:NET.MULTI_PUSH"
175,数据窃取器-联系人窃取-002,STEAL-CONTACT-002,Structured,数据窃取器,联系人窃取,"类别: 数据窃取器, 子类型: 联系人窃取。行为标签: B:STEAL.CONTACT, B:SPY.AUDIO, B:SPY.CAM"
177,金融诈骗-虚假投资-001,FINANCE-INVEST-001,Structured,金融诈骗,虚假投资,"类别: 金融诈骗, 子类型: 虚假投资。行为标签: B:FINANCE.INVEST, B:FINANCE.WEB, B:PHISH.WEB, B:LOADER.WEB"
179,远程控制木马-WebView桥接-012,RAT-WEB-012,Structured,远程控制木马,WebView桥接,"类别: 远程控制木马, 子类型: WebView桥接。行为标签: B:RAT.WEB, B:RAT.PUSH, B:SPY.CAM, B:SPY.LOC, B:PHISH.WEB, B:LOADER.DCLOUD, B:LOADER.WEB"
182,远程控制木马-C2指令控制-013,RAT-C2-013,Structured,远程控制木马,C2指令控制,"类别: 远程控制木马, 子类型: C2指令控制。行为标签: B:RAT.C2, B:RAT.PUSH, B:SPY.AUDIO, B:SPY.CAM, B:PHISH.OVER, B:PER.BOOT, B:PER.FG, B:NET.MULTI_PUSH"
183,网络钓鱼/社会工程-网页钓鱼-008,PHISH-WEB-008,Structured,网络钓鱼/社会工程,网页钓鱼,"类别: 网络钓鱼/社会工程, 子类型: 网页钓鱼。行为标签: B:PHISH.WEB, B:PER.BOOT, B:PER.KEEPALIVE, B:NET.MULTI_PUSH"
184,网络钓鱼/社会工程-社交工程-001,PHISH-SOC-001,Structured,网络钓鱼/社会工程,社交工程,"类别: 网络钓鱼/社会工程, 子类型: 社交工程。行为标签: B:PHISH.SOC, B:PHISH.WEB, B:DROP.DYN"
185,远程控制木马-WebView桥接-013,RAT-WEB-013,Structured,远程控制木马,WebView桥接,"类别: 远程控制木马, 子类型: WebView桥接。行为标签: B:RAT.WEB, B:RAT.PUSH, B:FINANCE.PAY, B:PHISH.WEB"
186,远程控制木马-推送指令-011,RAT-PUSH-011,Structured,远程控制木马,推送指令,"类别: 远程控制木马, 子类型: 推送指令。行为标签: B:RAT.PUSH, B:SPY.AUDIO, B:SPY.CAM, B:NET.MULTI_PUSH"
188,待定/其他-疑似恶意-002,MISC-SUSPECT-002,Structured,待定/其他,疑似恶意,"类别: 待定/其他, 子类型: 疑似恶意。行为标签: B:MISC.SUSPECT, B:NET.CLEAR"
189,间谍软件/监控-麦克风窃听-007,SPY-AUDIO-007,Structured,间谍软件/监控,麦克风窃听,"类别: 间谍软件/监控, 子类型: 麦克风窃听。行为标签: B:SPY.AUDIO, B:SPY.DEV, B:NET.CLEAR"
190,远程控制木马-WebView桥接-014,RAT-WEB-014,Structured,远程控制木马,WebView桥接,"类别: 远程控制木马, 子类型: WebView桥接。行为标签: B:RAT.WEB"
191,数据窃取器-全量数据窃取-008,STEAL-FULL-008,Structured,数据窃取器,全量数据窃取,"类别: 数据窃取器, 子类型: 全量数据窃取。行为标签: B:STEAL.FULL, B:STEAL.MEDIA, B:SPY.LOC, B:PHISH.WEB"
193,远程控制木马-推送指令-012,RAT-PUSH-012,Structured,远程控制木马,推送指令,"类别: 远程控制木马, 子类型: 推送指令。行为标签: B:RAT.PUSH, B:STEAL.FULL, B:SPY.AUDIO, B:SPY.CAM, B:SPY.DEV, B:NET.MULTI_PUSH"
194,待定/其他-无法判断-001,MISC-UNKNOWN-001,Structured,待定/其他,无法判断,"类别: 待定/其他, 子类型: 无法判断。行为标签: B:MISC.UNKNOWN"
198,远程控制木马-WebView桥接-015,RAT-WEB-015,Structured,远程控制木马,WebView桥接,"类别: 远程控制木马, 子类型: WebView桥接。行为标签: B:RAT.WEB, B:RAT.PUSH, B:STEAL.MEDIA, B:SPY.AUDIO, B:PHISH.WEB, B:NET.MULTI_PUSH"
200,间谍软件/监控-屏幕录制-003,SPY-SCREEN-003,Structured,间谍软件/监控,屏幕录制,"类别: 间谍软件/监控, 子类型: 屏幕录制。行为标签: B:SPY.SCREEN"
201,数据窃取器-媒体文件窃取-007,STEAL-MEDIA-007,Structured,数据窃取器,媒体文件窃取,"类别: 数据窃取器, 子类型: 媒体文件窃取。行为标签: B:STEAL.MEDIA, B:SPY.CAM, B:PHISH.WEB"
203,间谍软件/监控-位置追踪-002,SPY-LOC-002,Structured,间谍软件/监控,位置追踪,"类别: 间谍软件/监控, 子类型: 位置追踪。行为标签: B:SPY.LOC, B:SPY.DEV, B:PHISH.OVER"
205,远程控制木马-C2指令控制-014,RAT-C2-014,Structured,远程控制木马,C2指令控制,"类别: 远程控制木马, 子类型: C2指令控制。行为标签: B:RAT.C2, B:STEAL.CONTACT, B:STEAL.FULL, B:STEAL.SMS, B:SPY.DEV, B:NET.MQTT"
207,间谍软件/监控-生物识别监控-002,SPY-BIO-002,Structured,间谍软件/监控,生物识别监控,"类别: 间谍软件/监控, 子类型: 生物识别监控。行为标签: B:SPY.BIO, B:SPY.AUDIO, B:SPY.CAM, B:PHISH.WEB, B:DROP.DYN"
208,待定/其他-未发现恶意-001,MISC-CLEAN-001,Structured,待定/其他,未发现恶意,"类别: 待定/其他, 子类型: 未发现恶意。行为标签: B:MISC.CLEAN"
209,待定/其他-未发现恶意-002,MISC-CLEAN-002,Structured,待定/其他,未发现恶意,"类别: 待定/其他, 子类型: 未发现恶意。行为标签: B:MISC.CLEAN"
210,数据窃取器-联系人窃取-003,STEAL-CONTACT-003,Structured,数据窃取器,联系人窃取,"类别: 数据窃取器, 子类型: 联系人窃取。行为标签: B:STEAL.CONTACT, B:STEAL.MEDIA, B:SPY.LOC"
211,远程控制木马-桌面操控-001,RAT-DESK-001,Structured,远程控制木马,桌面操控,"类别: 远程控制木马, 子类型: 桌面操控。行为标签: B:RAT.DESK, B:ADWARE.PAY, B:DROP.DYN"
213,间谍软件/监控-摄像头监控-002,SPY-CAM-002,Structured,间谍软件/监控,摄像头监控,"类别: 间谍软件/监控, 子类型: 摄像头监控。行为标签: B:SPY.CAM"
214,恶意广告软件-多SDK广告-001,ADWARE-MULTI-001,Structured,恶意广告软件,多SDK广告,"类别: 恶意广告软件, 子类型: 多SDK广告。行为标签: B:ADWARE.MULTI, B:ADWARE.PUSH"
215,数据窃取器-短信窃取-005,STEAL-SMS-005,Structured,数据窃取器,短信窃取,"类别: 数据窃取器, 子类型: 短信窃取。行为标签: B:STEAL.SMS, B:SPY.SCREEN"
216,数据窃取器-全量数据窃取-009,STEAL-FULL-009,Structured,数据窃取器,全量数据窃取,"类别: 数据窃取器, 子类型: 全量数据窃取。行为标签: B:STEAL.FULL, B:STEAL.CONTACT, B:STEAL.SMS, B:SPY.AUDIO, B:PHISH.WEB, B:LOADER.WEB, B:NET.CLEAR"
217,远程控制木马-无障碍控制-002,RAT-ACCESS-002,Structured,远程控制木马,无障碍控制,"类别: 远程控制木马, 子类型: 无障碍控制。行为标签: B:RAT.ACCESS, B:SPY.AUDIO, B:SPY.SCREEN, B:PER.BOOT, B:PER.FG, B:EVA.ICON"
218,远程控制木马-C2指令控制-015,RAT-C2-015,Structured,远程控制木马,C2指令控制,"类别: 远程控制木马, 子类型: C2指令控制。行为标签: B:RAT.C2, B:RAT.PUSH, B:STEAL.MEDIA"
219,待定/其他-未发现恶意-003,MISC-CLEAN-003,Structured,待定/其他,未发现恶意,"类别: 待定/其他, 子类型: 未发现恶意。行为标签: B:MISC.CLEAN"
220,网络钓鱼/社会工程-网页钓鱼-009,PHISH-WEB-009,Structured,网络钓鱼/社会工程,网页钓鱼,"类别: 网络钓鱼/社会工程, 子类型: 网页钓鱼。行为标签: B:PHISH.WEB, B:ADWARE.PUSH, B:LOADER.WEB, B:PER.FG, B:NET.MULTI_PUSH, B:INST.SILENT"
221,远程控制木马-C2指令控制-016,RAT-C2-016,Structured,远程控制木马,C2指令控制,"类别: 远程控制木马, 子类型: C2指令控制。行为标签: B:RAT.C2, B:DROP.STLTH, B:PER.BOOT, B:PER.FG, B:EVA.OBFS, B:NET.WS"
224,金融诈骗-虚假支付平台-005,FINANCE-PAY-005,Structured,金融诈骗,虚假支付平台,"类别: 金融诈骗, 子类型: 虚假支付平台。行为标签: B:FINANCE.PAY, B:PHISH.GAME, B:PHISH.WEB, B:LOADER.WEB, B:EVA.ANTI_VM"
226,间谍软件/监控-设备指纹采集-003,SPY-DEV-003,Structured,间谍软件/监控,设备指纹采集,"类别: 间谍软件/监控, 子类型: 设备指纹采集。行为标签: B:SPY.DEV, B:PHISH.WEB, B:DROP.DYN, B:DROP.PLUG, B:PER.BOOT, B:PER.JOB, B:PER.KEEPALIVE, B:INST.PLUGIN, B:INST.SILENT"
227,释放器/安装器-设备管理员防卸载-002,DROP-ADMIN-002,Structured,释放器/安装器,设备管理员防卸载,"类别: 释放器/安装器, 子类型: 设备管理员防卸载。行为标签: B:DROP.ADMIN, B:DROP.DYN, B:LOADER.CORD, B:EVA.DAMIN"
228,网络钓鱼/社会工程-网页钓鱼-010,PHISH-WEB-010,Structured,网络钓鱼/社会工程,网页钓鱼,"类别: 网络钓鱼/社会工程, 子类型: 网页钓鱼。行为标签: B:PHISH.WEB, B:LOADER.WEB"
229,释放器/安装器-隐蔽释放-002,DROP-STLTH-002,Structured,释放器/安装器,隐蔽释放,"类别: 释放器/安装器, 子类型: 隐蔽释放。行为标签: B:DROP.STLTH, B:EVA.OBFS, B:EVA.PACK"
230,网络钓鱼/社会工程-网页钓鱼-011,PHISH-WEB-011,Structured,网络钓鱼/社会工程,网页钓鱼,"类别: 网络钓鱼/社会工程, 子类型: 网页钓鱼。行为标签: B:PHISH.WEB, B:DROP.DYN, B:LOADER.WEB, B:INST.HOTFIX, B:NET.WS"
231,数据窃取器-全量数据窃取-010,STEAL-FULL-010,Structured,数据窃取器,全量数据窃取,"类别: 数据窃取器, 子类型: 全量数据窃取。行为标签: B:STEAL.FULL, B:STEAL.CONTACT, B:STEAL.SMS, B:SPY.BIO, B:SPY.CAM"
232,远程控制木马-无障碍控制-003,RAT-ACCESS-003,Structured,远程控制木马,无障碍控制,"类别: 远程控制木马, 子类型: 无障碍控制。行为标签: B:RAT.ACCESS"
234,远程控制木马-通话劫持-008,RAT-CALL-008,Structured,远程控制木马,通话劫持,"类别: 远程控制木马, 子类型: 通话劫持。行为标签: B:RAT.CALL, B:RAT.C2, B:RAT.FIRE, B:RAT.PUSH, B:STEAL.FULL, B:SPY.AUDIO, B:SPY.CALL, B:SPY.CAM, B:SPY.LOC, B:PER.BOOT, B:PER.FG, B:NET.FIREBASE, B:NET.MULTI_PUSH"
235,远程控制木马-推送指令-013,RAT-PUSH-013,Structured,远程控制木马,推送指令,"类别: 远程控制木马, 子类型: 推送指令。行为标签: B:RAT.PUSH, B:STEAL.CONTACT, B:STEAL.SMS, B:SPY.BIO, B:PHISH.WEB"
236,数据窃取器-媒体文件窃取-008,STEAL-MEDIA-008,Structured,数据窃取器,媒体文件窃取,"类别: 数据窃取器, 子类型: 媒体文件窃取。行为标签: B:STEAL.MEDIA"
237,间谍软件/监控-生物识别监控-003,SPY-BIO-003,Structured,间谍软件/监控,生物识别监控,"类别: 间谍软件/监控, 子类型: 生物识别监控。行为标签: B:SPY.BIO, B:SPY.DEV, B:PHISH.FIN"
238,数据窃取器-全量数据窃取-011,STEAL-FULL-011,Structured,数据窃取器,全量数据窃取,"类别: 数据窃取器, 子类型: 全量数据窃取。行为标签: B:STEAL.FULL, B:STEAL.CONTACT, B:STEAL.SMS, B:SPY.BIO"
239,释放器/安装器-插件化释放-002,DROP-PLUG-002,Structured,释放器/安装器,插件化释放,"类别: 释放器/安装器, 子类型: 插件化释放。行为标签: B:DROP.PLUG, B:NET.CLEAR, B:PER.JOB"
240,金融诈骗-虚假支付平台-006,FINANCE-PAY-006,Structured,金融诈骗,虚假支付平台,"类别: 金融诈骗, 子类型: 虚假支付平台。行为标签: B:FINANCE.PAY, B:PHISH.IM"
241,数据窃取器-短信窃取-006,STEAL-SMS-006,Structured,数据窃取器,短信窃取,"类别: 数据窃取器, 子类型: 短信窃取。行为标签: B:STEAL.SMS, B:STEAL.CONTACT"
242,远程控制木马-无障碍控制-004,RAT-ACCESS-004,Structured,远程控制木马,无障碍控制,"类别: 远程控制木马, 子类型: 无障碍控制。行为标签: B:RAT.ACCESS, B:RAT.CALL, B:STEAL.CONTACT, B:STEAL.FULL, B:STEAL.KEY, B:STEAL.SMS, B:SPY.AUDIO, B:SPY.SCREEN, B:VPN.CTRL, B:VPN.DIALER, B:VPN.PROXY, B:PER.BATT, B:PER.BOOT, B:EVA.DAMIN, B:PER.FG"
244,释放器/安装器-动态代码加载-001,DROP-DYN-001,Structured,释放器/安装器,动态代码加载,"类别: 释放器/安装器, 子类型: 动态代码加载。行为标签: B:DROP.DYN"
246,远程控制木马-全面控制-001,RAT-FULL-001,Structured,远程控制木马,全面控制,"类别: 远程控制木马, 子类型: 全面控制。行为标签: B:RAT.FULL, B:RAT.C2, B:RAT.CALL, B:RAT.PUSH, B:STEAL.CONTACT, B:STEAL.SMS, B:SPY.LOC, B:PER.BOOT"
247,数据窃取器-媒体文件窃取-009,STEAL-MEDIA-009,Structured,数据窃取器,媒体文件窃取,"类别: 数据窃取器, 子类型: 媒体文件窃取。行为标签: B:STEAL.MEDIA, B:SPY.AUDIO, B:SPY.SCREEN, B:PHISH.IM, B:PHISH.OVER, B:PER.FG"
248,金融诈骗-虚假投资-002,FINANCE-INVEST-002,Structured,金融诈骗,虚假投资,"类别: 金融诈骗, 子类型: 虚假投资。行为标签: B:FINANCE.INVEST, B:FINANCE.PAY, B:FINANCE.WEB, B:SPY.AUDIO, B:SPY.CAM, B:PHISH.WEB, B:DROP.DYN, B:LOADER.WEB"
250,远程控制木马-桌面操控-002,RAT-DESK-002,Structured,远程控制木马,桌面操控,"类别: 远程控制木马, 子类型: 桌面操控。行为标签: B:RAT.DESK, B:ADWARE.MULTI, B:PER.BOOT"
251,网络钓鱼/社会工程-网页钓鱼-012,PHISH-WEB-012,Structured,网络钓鱼/社会工程,网页钓鱼,"类别: 网络钓鱼/社会工程, 子类型: 网页钓鱼。行为标签: B:PHISH.WEB, B:DROP.DYN, B:LOADER.WEB"
252,待定/其他-未发现恶意-004,MISC-CLEAN-004,Structured,待定/其他,未发现恶意,"类别: 待定/其他, 子类型: 未发现恶意。行为标签: B:MISC.CLEAN"
253,远程控制木马-C2指令控制-017,RAT-C2-017,Structured,远程控制木马,C2指令控制,"类别: 远程控制木马, 子类型: C2指令控制。行为标签: B:RAT.C2, B:STEAL.CONTACT, B:STEAL.SMS"
254,待定/其他-未发现恶意-005,MISC-CLEAN-005,Structured,待定/其他,未发现恶意,"类别: 待定/其他, 子类型: 未发现恶意。行为标签: B:MISC.CLEAN"
255,远程控制木马-WebView桥接-016,RAT-WEB-016,Structured,远程控制木马,WebView桥接,"类别: 远程控制木马, 子类型: WebView桥接。行为标签: B:RAT.WEB, B:RAT.PUSH, B:STEAL.MEDIA, B:PHISH.OVER, B:PHISH.WEB, B:DROP.DYN, B:PER.BOOT, B:PER.FG, B:NET.MULTI_PUSH"
256,金融诈骗-虚假支付平台-007,FINANCE-PAY-007,Structured,金融诈骗,虚假支付平台,"类别: 金融诈骗, 子类型: 虚假支付平台。行为标签: B:FINANCE.PAY, B:PHISH.SOC, B:ADWARE.PAY, B:NET.MULTI_PUSH"
257,数据窃取器-媒体文件窃取-010,STEAL-MEDIA-010,Structured,数据窃取器,媒体文件窃取,"类别: 数据窃取器, 子类型: 媒体文件窃取。行为标签: B:STEAL.MEDIA, B:SPY.AUDIO, B:SPY.CAM, B:PHISH.SOC, B:PHISH.WEB, B:LOADER.WEB"
258,待定/其他-无法判断-002,MISC-UNKNOWN-002,Structured,待定/其他,无法判断,"类别: 待定/其他, 子类型: 无法判断。行为标签: B:MISC.UNKNOWN"
259,金融诈骗-虚假支付平台-008,FINANCE-PAY-008,Structured,金融诈骗,虚假支付平台,"类别: 金融诈骗, 子类型: 虚假支付平台。行为标签: B:FINANCE.PAY, B:ADULT.PORN"
260,远程控制木马-推送指令-014,RAT-PUSH-014,Structured,远程控制木马,推送指令,"类别: 远程控制木马, 子类型: 推送指令。行为标签: B:RAT.PUSH, B:SPY.AUDIO, B:SPY.LOC"
261,电话诈骗工具-NFC模拟-003,TELE-NFC-003,Structured,电话诈骗工具,NFC模拟,"类别: 电话诈骗工具, 子类型: NFC模拟。行为标签: B:TELE.NFC, B:RAT.C2, B:RAT.FIRE, B:EVA.ANTI_VM, B:PER.FG, B:NET.FIREBASE, B:EVA.XPOSED"
262,VPN流量劫持-拨号代码触发-001,VPN-DIALER-001,Structured,VPN流量劫持,拨号代码触发,"类别: VPN流量劫持, 子类型: 拨号代码触发。行为标签: B:VPN.DIALER, B:VPN.PROXY, B:PER.BOOT"
263,待定/其他-未发现恶意-006,MISC-CLEAN-006,Structured,待定/其他,未发现恶意,"类别: 待定/其他, 子类型: 未发现恶意。行为标签: B:MISC.CLEAN"
264,金融诈骗-虚假支付平台-009,FINANCE-PAY-009,Structured,金融诈骗,虚假支付平台,"类别: 金融诈骗, 子类型: 虚假支付平台。行为标签: B:FINANCE.PAY, B:GAMBLE.CASINO, B:ADULT.PORN, B:SPY.LOC, B:EVA.ICON"
265,数据窃取器-全量数据窃取-012,STEAL-FULL-012,Structured,数据窃取器,全量数据窃取,"类别: 数据窃取器, 子类型: 全量数据窃取。行为标签: B:STEAL.FULL, B:STEAL.DEV, B:SPY.CAM, B:SPY.DEV, B:PHISH.WEB, B:DROP.DYN, B:LOADER.WEB"
266,金融诈骗-虚假支付平台-010,FINANCE-PAY-010,Structured,金融诈骗,虚假支付平台,"类别: 金融诈骗, 子类型: 虚假支付平台。行为标签: B:FINANCE.PAY, B:GAMBLE.CASINO, B:GAMBLE.WEB, B:PHISH.WEB, B:LOADER.WEB"
267,远程控制木马-C2指令控制-018,RAT-C2-018,Structured,远程控制木马,C2指令控制,"类别: 远程控制木马, 子类型: C2指令控制。行为标签: B:RAT.C2, B:SPY.CAM, B:PHISH.WEB, B:LOADER.WEB"
268,远程控制木马-无障碍控制-005,RAT-ACCESS-005,Structured,远程控制木马,无障碍控制,"类别: 远程控制木马, 子类型: 无障碍控制。行为标签: B:RAT.ACCESS, B:RAT.FULL, B:STEAL.CONTACT, B:STEAL.SMS, B:SPY.AUDIO, B:SPY.SCREEN, B:PER.BATT, B:PER.BOOT, B:EVA.ICON"
269,间谍软件/监控-位置追踪-003,SPY-LOC-003,Structured,间谍软件/监控,位置追踪,"类别: 间谍软件/监控, 子类型: 位置追踪。行为标签: B:SPY.LOC, B:PHISH.WEB, B:VPN.PROXY, B:DROP.DYN, B:INST.HOTFIX"
270,远程控制木马-推送指令-015,RAT-PUSH-015,Structured,远程控制木马,推送指令,"类别: 远程控制木马, 子类型: 推送指令。行为标签: B:RAT.PUSH"
271,释放器/安装器-动态代码加载-002,DROP-DYN-002,Structured,释放器/安装器,动态代码加载,"类别: 释放器/安装器, 子类型: 动态代码加载。行为标签: B:DROP.DYN, B:NET.MULTI_PUSH"
272,待定/其他-未发现恶意-007,MISC-CLEAN-007,Structured,待定/其他,未发现恶意,"类别: 待定/其他, 子类型: 未发现恶意。行为标签: B:MISC.CLEAN"
273,远程控制木马-推送指令-016,RAT-PUSH-016,Structured,远程控制木马,推送指令,"类别: 远程控制木马, 子类型: 推送指令。行为标签: B:RAT.PUSH, B:SPY.AUDIO, B:SPY.CAM, B:SPY.LOC, B:PHISH.FIN, B:PHISH.SOC, B:PHISH.WEB, B:LOADER.WEB"
274,待定/其他-未发现恶意-008,MISC-CLEAN-008,Structured,待定/其他,未发现恶意,"类别: 待定/其他, 子类型: 未发现恶意。行为标签: B:MISC.CLEAN"
275,远程控制木马-C2指令控制-019,RAT-C2-019,Structured,远程控制木马,C2指令控制,"类别: 远程控制木马, 子类型: C2指令控制。行为标签: B:RAT.C2, B:RAT.PUSH, B:FINANCE.PAY, B:PHISH.GAME"
276,网络钓鱼/社会工程-界面覆盖攻击-002,PHISH-OVER-002,Structured,网络钓鱼/社会工程,界面覆盖攻击,"类别: 网络钓鱼/社会工程, 子类型: 界面覆盖攻击。行为标签: B:PHISH.OVER, B:PHISH.FIN, B:DROP.STLTH, B:EVA.OBFS"
277,数据窃取器-全量数据窃取-013,STEAL-FULL-013,Structured,数据窃取器,全量数据窃取,"类别: 数据窃取器, 子类型: 全量数据窃取。行为标签: B:STEAL.FULL, B:STEAL.CONTACT, B:STEAL.SMS, B:SPY.CAM"
